TDSFU Daily run: Mon Oct 27 05:50:46 UTC 2025 TDSFU
TDSFU Daily run: Tue Oct 28 04:46:14 UTC 2025 TDSFU
TDSFU Daily run: Wed Oct 29 04:50:06 UTC 2025 TDSFU
TDSFU Daily run: Thu Oct 30 04:45:13 UTC 2025 TDSFU
TDSFU Daily run: Fri Oct 31 04:58:10 UTC 2025 TDSFU
TDSFU Daily run: Sat Nov  1 04:41:10 UTC 2025 TDSFU
TDSFU Daily run: Sun Nov  2 04:44:25 UTC 2025 TDSFU
TDSFU Daily run: Mon Nov  3 04:51:41 UTC 2025 TDSFU
TDSFU Daily run: Tue Nov  4 04:45:33 UTC 2025 TDSFU
TDSFU Daily run: Wed Nov  5 04:46:25 UTC 2025 TDSFU
